<mxfile host="app.diagrams.net" agent="Mozilla/5.0 (Windows NT 10.0; Win64; x64) AppleWebKit/537.36 (KHTML, like Gecko) Chrome/141.0.0.0 Safari/537.36" version="28.2.8">
  <diagram id="qXNSGFkaqGgOjLVerTCA" name="Página-1">
    <mxGraphModel dx="1426" dy="743" grid="1" gridSize="10" guides="1" tooltips="1" connect="1" arrows="1" fold="1" page="1" pageScale="1" pageWidth="827" pageHeight="1169" math="0" shadow="0">
      <root>
        <mxCell id="0" />
        <mxCell id="1" parent="0" />
        <mxCell id="Z-h3Cq_Q8_9Qd_Qj-j-s-1" value="&lt;font style=&quot;font-size: 14px;&quot;&gt;&lt;b&gt;Diagrama de Arquitetura (MVP) - SKZ Oberle&lt;/b&gt;&lt;/font&gt;" style="text;html=1;strokeColor=none;fillColor=none;align=center;verticalAlign=middle;whiteSpace=wrap;rounded=0;" parent="1" vertex="1">
          <mxGeometry x="190" y="30" width="450" height="30" as="geometry" />
        </mxCell>
        <mxCell id="Z-h3Cq_Q8_9Qd_Qj-j-s-2" value="&lt;b&gt;Fonte de Dados&lt;/b&gt;" style="shape=cylinder3;whiteSpace=wrap;html=1;boundedLbl=1;backgroundOutline=1;size=15;fillColor=#dae8fc;strokeColor=#6c8ebf;" parent="1" vertex="1">
          <mxGeometry x="60" y="110" width="130" height="100" as="geometry" />
        </mxCell>
        <mxCell id="Z-h3Cq_Q8_9Qd_Qj-j-s-3" value="MinIO Bucket&lt;br&gt;(&lt;i&gt;oberle/batches_*/&lt;br&gt;*.parquet&lt;/i&gt;)" style="text;html=1;strokeColor=none;fillColor=none;align=center;verticalAlign=middle;whiteSpace=wrap;rounded=0;" parent="1" vertex="1">
          <mxGeometry x="60" y="230" width="100" height="40" as="geometry" />
        </mxCell>
        <mxCell id="Z-h3Cq_Q8_9Qd_Qj-j-s-4" value="&lt;b&gt;Processamento e Análise&lt;/b&gt;" style="shape=card;whiteSpace=wrap;html=1;fillColor=#fff2cc;strokeColor=#d6b656;" parent="1" vertex="1">
          <mxGeometry x="305" y="117.5" width="170" height="85" as="geometry" />
        </mxCell>
        <mxCell id="Z-h3Cq_Q8_9Qd_Qj-j-s-5" value="Jupyter Notebook&lt;br&gt;(&lt;i&gt;documentacao e tratamento.ipynb&lt;/i&gt;)&lt;br&gt;com &lt;b&gt;Apache Spark&lt;/b&gt;" style="text;html=1;strokeColor=none;fillColor=none;align=center;verticalAlign=middle;whiteSpace=wrap;rounded=0;" parent="1" vertex="1">
          <mxGeometry x="305" y="210" width="150" height="60" as="geometry" />
        </mxCell>
        <mxCell id="Z-h3Cq_Q8_9Qd_Qj-j-s-6" value="" style="endArrow=classic;html=1;rounded=0;entryX=0;entryY=0.5;entryDx=0;entryDy=0;exitX=1;exitY=0.5;exitDx=0;exitDy=0;" parent="1" source="Z-h3Cq_Q8_9Qd_Qj-j-s-2" target="Z-h3Cq_Q8_9Qd_Qj-j-s-4" edge="1">
          <mxGeometry width="50" height="50" relative="1" as="geometry">
            <mxPoint x="200" y="160" as="sourcePoint" />
            <mxPoint x="250" y="110" as="targetPoint" />
          </mxGeometry>
        </mxCell>
        <mxCell id="Z-h3Cq_Q8_9Qd_Qj-j-s-7" value="&lt;b&gt;Armazenamento (Camada Gold - MVP)&lt;/b&gt;" style="shape=cylinder3;whiteSpace=wrap;html=1;boundedLbl=1;backgroundOutline=1;size=15;rotation=0;fillColor=#d5e8d4;strokeColor=#82b366;" parent="1" vertex="1">
          <mxGeometry x="580" y="110" width="130" height="100" as="geometry" />
        </mxCell>
        <mxCell id="Z-h3Cq_Q8_9Qd_Qj-j-s-8" value="Postgres DB&lt;br&gt;(Neon)&lt;br&gt;&lt;i&gt;Dados tratados e estruturados&lt;/i&gt;" style="text;html=1;strokeColor=none;fillColor=none;align=center;verticalAlign=middle;whiteSpace=wrap;rounded=0;" parent="1" vertex="1">
          <mxGeometry x="595" y="60" width="100" height="40" as="geometry" />
        </mxCell>
        <mxCell id="Z-h3Cq_Q8_9Qd_Qj-j-s-9" value="" style="endArrow=classic;html=1;rounded=0;entryX=0;entryY=0.5;entryDx=0;entryDy=0;exitX=1;exitY=0.5;exitDx=0;exitDy=0;" parent="1" source="Z-h3Cq_Q8_9Qd_Qj-j-s-4" target="Z-h3Cq_Q8_9Qd_Qj-j-s-7" edge="1">
          <mxGeometry width="50" height="50" relative="1" as="geometry">
            <mxPoint x="485" y="160" as="sourcePoint" />
            <mxPoint x="535" y="110" as="targetPoint" />
          </mxGeometry>
        </mxCell>
        <mxCell id="Z-h3Cq_Q8_9Qd_Qj-j-s-10" value="&lt;b&gt;Visualização&lt;/b&gt;" style="shape=display;whiteSpace=wrap;html=1;fillColor=#f8cecc;strokeColor=#b85450;" parent="1" vertex="1">
          <mxGeometry x="560" y="270" width="170" height="80" as="geometry" />
        </mxCell>
        <mxCell id="Z-h3Cq_Q8_9Qd_Qj-j-s-11" value="Aplicação React&lt;br&gt;&lt;i&gt;(Consome dados do Postgres)&lt;/i&gt;" style="text;html=1;strokeColor=none;fillColor=none;align=center;verticalAlign=middle;whiteSpace=wrap;rounded=0;" parent="1" vertex="1">
          <mxGeometry x="575" y="360" width="140" height="40" as="geometry" />
        </mxCell>
        <mxCell id="Z-h3Cq_Q8_9Qd_Qj-j-s-12" value="" style="endArrow=classic;html=1;rounded=0;exitX=0.5;exitY=1;exitDx=0;exitDy=0;entryX=0.5;entryY=0;entryDx=0;entryDy=0;" parent="1" source="Z-h3Cq_Q8_9Qd_Qj-j-s-7" target="Z-h3Cq_Q8_9Qd_Qj-j-s-10" edge="1">
          <mxGeometry width="50" height="50" relative="1" as="geometry">
            <mxPoint x="645" y="220" as="sourcePoint" />
            <mxPoint x="695" y="170" as="targetPoint" />
          </mxGeometry>
        </mxCell>
      </root>
    </mxGraphModel>
  </diagram>
</mxfile>
